{
    "pools": [
        {
            "rolls": {
                "min": 1,
                "max": 1000
            },
            "entries": [
                {
                    "type": "minecraft:item",
                    "name": "minecraft:stone",
                    "functions": [
                        {
                            "function": "minecraft:set_count",
                            "count": 0
                        }
                    ]
                }
            ]
        }
    ]
}